name,price,image_url,shopee_link,lazada_link,tiktok_link
ชุดของขวัญคริสต์มาส: บล็อกตัวต่อ 12 ชิ้น ซานตาคลอส กวางเอลค์ มนุษย์หิมะ ของเล่นเด็ก ประกอบง่าย เหมาะสำหรับให้เป็นของขวัญ,1. บล็อกการสร้างแบบจำลองทางการศึกษา: บล็อกอาคารสามารถกระตุ้นจินตนาการของเด็กและการควบคุมความคิดสร้างสรรค์ทักษะการแก้ปัญหาทักษะทางสังคมและทักษะยนต์ 2. เพิ่มกิจกรรมแบบโต้ตอบของเด็ก ๆ: ของเล่นสามารถให้เด็ก ๆ เล่นและเรียนรู้ในสาขาการศึกษาและความบันเทิง ของเล่นยังช่วยเพิ่มปฏิสัมพันธ์ระหว่างพ่อแม่และเด็ก 3. ของเล่นชิ้นนี้สามารถปลูกฝังความรู้สึกสามมิติของเด็ก ๆ และให้จินตนาการที่ดีขึ้น 4. ของขวัญที่ดีที่สุดสำหรับเด็ก: บล็อกรูปสัตว์น่ารักเป็นของขวัญที่ดีที่สุดสำหรับเด็กชายและเด็กหญิง รายละเอียดสินค้า: ผลิตภัณฑ์นี้เหมาะสำหรับเด็กเป็นของเล่นเพื่อการศึกษาหรือของขวัญสำหรับเด็ก ข้อมูลผลิตภัณฑ์: ตัวเครื่องทำจากพลาสติก ABS แข็งแรงทนทาน แพคเกจประกอบด้วย: ประกอบ 1 x บล็อกของเล่น หมายเหตุ หมายเหตุ: 1. เนื่องจากความแตกต่างของหน้าจอที่แตกต่างกันรูปภาพอาจไม่สะท้อนสีจริงของผลิตภัณฑ์ 2. เนื่องจากการวัดด้วยตนเองที่แตกต่างกันโปรดให้ความแตกต่างของขนาดเล็กน้อย ช้อป ชุดของขวัญคริสต์มาส: บล็อกตัวต่อ 12 ชิ้น ซานตาคลอส กวางเอลค์ มนุษย์หิมะ ของเล่นเด็ก ประกอบง่าย เหมาะสำหรับให้เป็นของขวัญ,https://down-th.img.susercontent.com/file/sg-11134201-7repr-m2ezfjne7rmrfb.webp,https://s.shopee.co.th/2VkT3871K3,https://s.shopee.co.th/2VkT3871K3,https://s.shopee.co.th/2VkT3871K3
น้ำมันปาล์มตราผึ้ง คริสตัล พืชถุง ผึ้งถุงขนาด1ลิตร(ชุด4ขวด/5ขวด/3ขวด),น้ำมัน ปาล์มคุณภาพดีทำอาหารได้หลายเมนูราคาประหยัดชุด5ขวดทำจากปาล์ม100% ช้อป น้ำมันปาล์มตราผึ้ง คริสตัล พืชถุง ผึ้งถุงขนาด1ลิตร(ชุด4ขวด/5ขวด/3ขวด),https://down-th.img.susercontent.com/file/th-11134207-81ztf-mhgf6l5usav7ad@resize_w3840_nl.webp,https://s.shopee.co.th/2VkT3871K3,https://s.shopee.co.th/2VkT3871K3,https://s.shopee.co.th/2VkT3871K3
MNO.9 Hoodie M248 เสื้อฮู้ด สกรีนอก มีกระเป๋าล้วงด้านหน้า GATKE ผ้าสำลีหนานุ่ม เสื้อกันหนาว เสื้อแขนยาว ฮู้ด,MNO.9 Hoodie M248 เสื้อฮู้ด สกรีนอก GATKE ผ้าสำลีหนานุ่ม เสื้อกันหนาว เสื้อแขนยาว ฮู้ด Man Clothing เสื้อกันหนาวชาย • ️สินค้าพร้อมส่ง มีเก็บเงินปลายทาง • ️เสื้อฮู้ตกันหนาวสเวตเตอร์ วินเทจ สกรีนอก GATKE • ️ผ้าหนานุ่ม กันหนาวได้ดี • ️มีฮู้ด แบบสวมหัว ใส่ได้ทั้งชายและหญิง • ️ผ้าโพลิเอสเตอร์ ด้านในผ้าสำลี • ️สีพื้นฐาน ดำ เทาอ่อน แดง กรม กาแฟ • ️ขนาด XL 3XL 5XL มีไซส์เล็กกับ ไซส์ใหญ่ ฟรีไซส์ สำหรับคนตัวเล็กกับ คนตัวใหญ่ กรุงเทพและปริมณฑล ได้รับสินค้าหลังส่ง1-2 วันทำการ ต่างจังหวัดได้รับของหลังส่ง1-4 วันทำการ ไม่นับรวมวันหยุดเสาร์ อาทิตย์ ได้รับสินค้าฝากกดยืนยันและให้คะแนนร้านด้วยนะคะ ขอบคุณลูกค้าทุกท่านที่ช่วยอุดหนุนทางร้านค่ะ *** ทักแชทสอบถามรายละเอียดเพิ่มเติมก่อนได้นะคะ *** ช้อป MNO.9 Hoodie M248 เสื้อฮู้ด สกรีนอก มีกระเป๋าล้วงด้านหน้า GATKE ผ้าสำลีหนานุ่ม เสื้อกันหนาว เสื้อแขนยาว ฮู้ด,https://down-th.img.susercontent.com/file/sg-11134201-7reoj-m2ca7ylu2juga8@resize_w3840_nl.webp,https://s.shopee.co.th/2VkT3871K3,https://s.shopee.co.th/2VkT3871K3,https://s.shopee.co.th/2VkT3871K3
40*60cm พรมการ์ตูน พรมนิ่ม พรมกันลื่น พรมเนื้อนุ่ม พรมซับน้ำได้ดี,💕ยินดีต้อนรับสู่ร้านค้าของฉัน💕 🥳ติดตามร้านค้าเพื่อรับคูปอง 🎁ร้านค้าจะแสดงรายการผลิตภัณฑ์ใหม่เป็นครั้งคราว 🙋‍♀️🙋‍♂️หากคุณสนใจในผลิตภัณฑ์ของเรา ☎️☎️ติดต่อเราวันนี้ —————— A# —————— 🧼 พรมปูพื้นดูดซับห้องน้ําการ์ตูน วัสดุขนคริสตัลนุ่มสบายดูดซับน้ําได้ดีทนต่อสิ่งสกปรกและดูแลง่าย! 🧼 ✨ จุดเด่นของผลิตภัณฑ์: 🧼 วัสดุ: คริสตัลวูล: ตุ๊กตานุ่มสบายเมื่อสัมผัสดูดซับได้ดีเยี่ยมดูดซับความชื้นได้อย่างรวดเร็วและทําให้ห้องน้ําแห้ง! 🧼 ขนาด: 40 ซม. × 60 ซม.: ขนาดกลางเหมาะสําหรับใช้ในห้องน้ําโถงทางเดินหรือห้องน้ําประหยัดพื้นที่! 🧼 สไตล์: การออกแบบการ์ตูนสมัยใหม่: ดังที่แสดงในภาพน่ารักและมีสไตล์เพิ่มการตกแต่งที่น่าสนใจให้กับห้องน้ํา! 🧼 ทนต่อสิ่งสกปรกและดูแลรักษาง่าย: วัสดุพื้นผิวทนต่อสิ่งสกปรกทําความสะอาดง่ายและเหมาะสําหรับการใช้งานที่บ้านในระยะยาว! 🧼 ดีไซน์กันลื่น: วัสดุตุ๊กตานุ่มให้ประสิทธิภาพการป้องกันลื่นที่ดีเพื่อให้ครอบครัวของคุณปลอดภัย! 🧼 การใช้งานอเนกประสงค์: สามารถใช้สําหรับการดูดซึมน้ําในห้องน้ําถูดินที่ทางเข้าและเสื่อห้องน้ําเสื่อเดียวเป็นอเนกประสงค์! 📏 ข้อมูล จำเพาะ: วัสดุ: ขนคริสตัล ขนาด: 40 ซม. × 60 ซม สี: ตามที่แสดง 👶 สถานการณ์ที่เกี่ยวข้อง: 🧼 การใช้ห้องน้ํา: ดูดซึมน้ําได้ดีวางไว้ที่ประตูห้องน้ําเพื่อป้องกันไม่ให้คราบน้ําหลงเหลืออยู่! 🧼 ทางเข้าไม่ลื่น: หลีกเลี่ยงการนําดินเข้ามาในห้องและรักษาสุขอนามัย! 🧼 ของตกแต่งบ้าน: การออกแบบการ์ตูนสมัยใหม่เพื่อเพิ่มบรรยากาศที่อบอุ่นให้กับห้องน้ําหรือทางเข้า! 🚨 หมาย เหตุ: 🧼 คําแนะนําในการทําความสะอาด: ขอแนะนําให้ซักด้วยมือหรือเครื่องหลีกเลี่ยงการรีดผ้าที่อุณหภูมิสูงและทําให้เสื่อนุ่มและดูดซับได้! 🧼 สถานที่ตั้ง: แนะนําให้ใช้ในห้องน้ําหรือโถงทางเดินหลีกเลี่ยงสภาพแวดล้อมที่ชื้นเป็นเวลานาน! 🎁 บรรจุภัณฑ์และบริการ: จํานวนชิ้น: 1 ชิ้น (การออกแบบพรม) 👉 คลิกเพื่อซื้อและนําความสะดวกสบายที่นุ่ม ดูดซับ และไม่ลื่นมาสู่ห้องน้ําและทางเข้าของคุณในขณะที่เพิ่มการตกแต่งที่สนุกสนาน! 🧼 โน้ต: 1. โปรดให้ข้อผิดพลาด 1-3 ซม. เนื่องจากการวัดด้วยตนเอง 2. เนื่องจากการแสดงผลและเอฟเฟกต์แสงที่แตกต่างกันสีจริงของรายการอาจแตกต่างจากสีที่แสดงบนรูปภาพเล็กน้อย ขอบคุณ! ช้อป 40*60cm พรมการ์ตูน พรมนิ่ม พรมกันลื่น พรมเนื้อนุ่ม พรมซับน้ำได้ดี,https://down-th.img.susercontent.com/file/sg-11134201-824g4-mdzg7mad1uyv80@resize_w3840_nl.webp,https://s.shopee.co.th/2VkT3871K3,https://s.shopee.co.th/2VkT3871K3,https://s.shopee.co.th/2VkT3871K3
25/35ซม.น่ารักนุ่มสยามแมวยัดไส้ของเล่นตุ๊กตาสีส้มสีดําลูกแมวแมวสัตว์ตุ๊กตาเด็กของขวัญวันเกิดน่ารัก,ขนาด 35CM มีในสต็อกและสามารถจัดส่งได้ทันทีหลังจากสั่งซื้อ！！！！！！ ❤️❤️❤️ยินดีต้อนรับเข้าสู่ ABMOS+❤️❤️❤️ 🥰🥰🥰3 เหตุผลที่ควรเลือกร้านของเรา: 🍬🍬🍬1. ฉันเป็นแม่ของลูกสามคน ฉันจะแนะนำของเล่นที่ลูกๆ ของฉันชอบ 🛡️🛡️🛡️2. คุณภาพของสินค้าคุ้มค่าที่จะรับประกัน ฉันจะตรวจสอบสินค้าให้คุณเป็นการส่วนตัวก่อนขาย 🚚🚚🚚3. สินค้าทั้งหมดมีในสต็อกและจะจัดส่งภายใน 24 ชั่วโมงหลังจากลูกคาสั่ง 💥💥💥ร้านของเรามีบริการเขียนการ์ดอวยพร หากต้องการ กรุณาติดต่อฝ่ายบริการลูกค้า！！！！！！！ 🌹🌹🌹สามคำสัญญาของฉันกับคุณ: 🚚🚚🚚1. สินค้าจัดส่งจากกรุงเทพฯ และรับประกันว่าเป็นของแท้ 100% 🛡️🛡️🛡️2. สินค้ารองรับการคืนสินค้าและคืนเงินโดยไม่มีเงื่อนไขภายใน 7 วัน 🌟🌟🌟3. วัสดุของสินค้าเป็นวัสดุที่ปลอดภัย 100% และจะไม่ก่อให้เกิดอันตรายต่อลูกๆ ของคุณ ข้อมูลผลิตภัณฑ์： ✨รายละเอียดสินค้า✨ อายุ: 7 ปีขึ้นไป วัสดุไส้: ผ้าฝ้ายขนเป็ด ขนาด: 25/35cm ของเล่นตุ๊กตาแมวดำรูปการ์ตูนน่ารักสำหรับตกแต่งโซฟา หมอนตุ๊กตาแมวนุ่มๆ ของขวัญวันเกิดสำหรับเด็ก ข้อควรระวัง: 1. กรุณาอ่านข้อมูลขนาดก่อนเลือกขนาดขอบคุณ หน่วย: เซนติเมตร 1 นิ้ว = 2.54 เซนติเมตร 2. ภาพจะแสดงเฉพาะตัวอย่างและเนื่องจากแสงสภาพแวดล้อมกล้องและเอฟเฟกต์ต่างๆภาพอาจแตกต่างจากผลิตภัณฑ์จริงเล็กน้อย 3. อาจมีข้อผิดพลาด 1-3 ซม. ในการวัดด้วยตนเองโปรดเข้าใจ ข้อเสนอแนะ: เราขอขอบคุณที่เลือกเราและสนับสนุนให้เราทำได้ดีขึ้น ความคิดเห็นและการประเมินของคุณมีความสำคัญมากสำหรับเรา ารให้คะแนนระดับ 5 ดาวแก่เราหากคุณพอใจกับผลิตภัณฑ์หรือบริการของเราโปรดให้คะแนนระดับ 5 ดาวแก่เรา 3. อย่างไรก็ตามหากคุณมีคำถามหรือข้อกังวลใด ๆ เกี่ยวกับคำสั่งซื้อโปรดติดต่อเราก่อนที่จะได้รับข้อเสนอแนะใด ๆ และเราจะพยายามอย่างเต็มที่เพื่อแก้ไขปัญหาให้กับคุณ ช้อป 25/35ซม.น่ารักนุ่มสยามแมวยัดไส้ของเล่นตุ๊กตาสีส้มสีดําลูกแมวแมวสัตว์ตุ๊กตาเด็กของขวัญวันเกิดน่ารัก,https://down-th.img.susercontent.com/file/th-11134207-81ztg-mfntti25cx6x87@resize_w3840_nl.webp,https://s.shopee.co.th/2VkT3871K3,https://s.shopee.co.th/2VkT3871K3,https://s.shopee.co.th/2VkT3871K3
กล่องเก็บของ กล่องใส่เสื้อผ้า กล่องพลาสติกโปร่งใส วัสดุ ชPP มีล้อ เก็บของเล่นพร้อ แรงแบริ่งที่แข็งแกร่ง มีให้เลือก 5ขนาด,"🌼🌼ยินดีต้อนรับเข้าสู่ร้าน🌼🌼 กล่องพลาสติก กล่องเก็บของ ลังพลาสติก ลังเก็บของ มีฝาล็อก สีโปร่งใส วางซ้อนกันได้ Storage Box ✔รายละเอียดสินค้า✔ ①สี : โปร่งใส ②5 ขนาด : 25 x 17 x 13 cm 34 x 25 x 18 cm 40 x 29 x 21 cm 45 x 33 x 25 cm 51 x 38 x 29cm ③วัสดุ : พลาสติก PP ✔ฟังก์ชั่นเด่น✔ ①สามารถวางซ้อนกันได้หลายชั้น ②มีหูสำหรับหิ้ว สะดวกในการพกพา ③หัวล็อคแบบปิดผนึก ปิดแน่น ปลอดภัย ④สีโปร่งใส มองเห็นได้ชัดเจน ⑤ช่วยจัดระเบียบ เพิ่มความเรียบร้อย สวยงาม ⑥ขนาดใหญ่ สามารถจัดเก็บของได้เป็นจำนวนมาก ⑦ช่วยป้องกันฝุ่นละออง ของเหลว และแสงแดดได้โดยตรง ⑧ตัวกล่องทนทาน แข็งแรง ไม่ฉีกขาด หรือชำรุดง่าย ⑨สามารถถอดล้างทำความสะอาดได้ง่าย ไม่ยุ่งยาก ⑩เก็บของได้หลากหลายประเภททั้ง อุปกรณ์เครื่องครัว อุปกรณ์คอมพิวเตอร์ เสื้อผ้า รองเท้า ฯลฯ ⭐จัดส่งจากกรุงเทพ⭐ 🧧กดติดตามร้านค้าเพื่อรับคูปองส่นลด ❤️+🛒เพิ่มยังรถเข็นหรือกดไลค์สินค้า จัดส่งเร็วให้พิเศษ ❓หากไม่แน่ใจในลายละเอียด/สี /ขนาดสินค้า โปรดปรึกษาฝ่ายบริการลูกค้าของร้าน 😊บริการลูกค้าออนไลน์เวลา 9: 00am-18: 00pm 🚚กรุงเทพฯ-ปริมณฑล 2-4 วันทำการ, ต่างจังหวัด 3-7 วัน ------------------------------------------------------ 📍กรุณาอ่านรายละเอียดก่อนการสั่งซื้อ 📍 🚫 หากลูกค้าต้องการเปลี่ยนที่อยู่ ลูกค้าต้องทำการแก้ไข/ยกเลิกแล้วสั่งซื้อเข้ามาใหม่เท่านั้น 🚫 ❌ ทางร้านไม่รับแก้ไขหรือเปลี่ยนที่อยู่ใดๆทั้งสิ้น ❌ ⚠️ก่อนสั่งซื้อกรุณาตรวจสอบชื่อ ที่อยู่ เบอร์ติดต่อ ให้ถูกต้อง ⚠️กรุณาดูข้อมูลและรายละเอียดของสินค้าก่อนการสั่งซื้อ 🌈เพื่อไม่ให้พลาดสินค้าใหม่ หรือโปรโมชั่นลดราคา ฝากกดติดตามร้านค้าด้วยนะคะ🙏🏼 ช้อป กล่องเก็บของ กล่องใส่เสื้อผ้า กล่องพลาสติกโปร่งใส วัสดุ ชPP มีล้อ เก็บของเล่นพร้อ แรงแบริ่งที่แข็งแกร่ง มีให้เลือก 5ขนาด",https://down-th.img.susercontent.com/file/th-11134207-81zte-mfuvky1xvmdoce.webp,https://s.shopee.co.th/2VkT3871K3,https://s.shopee.co.th/2VkT3871K3,https://s.shopee.co.th/2VkT3871K3
การ์ตูนน่ารักชั้นเดียวผ้าห่มสักหลาดนุ่มพิเศษเด็ก/เดี่ยว/ราชินี/ขนาดคิงไซส์งีบผ้าคลุมไหล่ผ้าห่มโซฟาปกผ้าห่ม,📣ติดตามร้านค้าเพื่อรับคูปอง!!! 😊ยินดีต้อนรับสู่บ้านฟรี!🏡 💖 กรุณาให้ความสนใจ! 🔹ชนิด: ผ้าห่ม 🔹วัสดุ: ไมโครไฟเบอร์ 💖กรุณาเลือกขนาดตามขนาดด้านล่าง! 🔺ขนาดเด็ก: 100 * 150 ซม.≈0.4 กก 🔺ขนาดเดียว: 150 * 200 ซม.≈0.85 กก 🔺ราชินี / คิงไซส์: 200 * 230 ซม.≈1.15 กก 💖หมายเหตุ: เนื่องจากการวัดด้วยตนเองโปรดให้ความแตกต่าง 1-2 ซม. เนื่องจากการวัดด้วยตนเองโปรดให้ความแตกต่าง 1-2 ซม. ขอบคุณ 2 เราไม่รับผิดชอบต่อการซื้อขนาดหรือการออกแบบที่ไม่ถูกต้องเนื่องจากปัญหาส่วนตัวของคุณ! 3 หากมีปัญหาใด ๆ เกี่ยวกับคำสั่งซื้อของคุณโปรดติดต่อฝ่ายบริการลูกค้าของเราก่อนเราจะจัดหาทางออกที่น่าพอใจโดยเร็วที่สุด หากคุณพอใจกับคำสั่งซื้อของคุณโปรดให้บทวิจารณ์ระดับ 5 ดาวแก่เราเพื่อช่วยเหลือลูกค้ารายอื่น ช้อป การ์ตูนน่ารักชั้นเดียวผ้าห่มสักหลาดนุ่มพิเศษเด็ก/เดี่ยว/ราชินี/ขนาดคิงไซส์งีบผ้าคลุมไหล่ผ้าห่มโซฟาปกผ้าห่ม,https://down-th.img.susercontent.com/file/sg-11134201-7rdyl-lzq8g240r4lj09.webp,https://s.shopee.co.th/2VkT3871K3,https://s.shopee.co.th/2VkT3871K3,https://s.shopee.co.th/2VkT3871K3
น้ำมันปาล์มตราผึ้ง คริสตัล พืชถุง ผึ้งถุง องุ่น ขนาด1ลิตร[ชุด 6ขวด/7ขวด],มทำอาหาได้หลายเมนูชุด7ขวดราคาประหยัดทำจากปาล์ม100เปอร์เซนชุด7ขวด ช้อป น้ำมันปาล์มตราผึ้ง คริสตัล พืชถุง ผึ้งถุง องุ่น ขนาด1ลิตร[ชุด 6ขวด/7ขวด],https://down-th.img.susercontent.com/file/th-11134207-81ztm-mgx78be97zex5e@resize_w3840_nl.webp,https://s.shopee.co.th/2VkT3871K3,https://s.shopee.co.th/2VkT3871K3,https://s.shopee.co.th/2VkT3871K3
แมวพูดได้ไฟฟ้า เครื่องกระตุ้นความสนุก ของเล่นตุ๊กตาสำหรับเด็ก ของขวัญ 🐱,"🎉 ยินดีต้อนรับสู่ 【Dille Shop】! Dille Shop ขอให้คุณใช้ชีวิตอย่างมีความสุข ทุกวันยิ้มสดใส สุขภาพแข็งแรงนะคะ! (✿◕‿◕) 🎁 ติดตามเราเพื่อรับคูปองสุดพิเศษ! ⭐ สินค้าใหม่อัปเดตทุกสัปดาห์ พร้อมเซอร์ไพรส์อย่างต่อเนื่อง~ ช้อปปิ้งให้สนุกและมีความสุข! 😊 การกำหนดรูปร่างสินค้า คุณสมบัติ: กรนนอนกรน meow~ ตุ๊กตาที่เลือกอย่างเคร่งครัดปลอดภัยและสะดวกสบาย ความรักที่ยาวนานคู่หูที่ดีสำหรับลูกน้อยของคุณ ~ สิ่งประดิษฐ์ที่เปิดเครื่องรูดสำหรับคุณแม่พนักงานออฟฟิศ การโต้ตอบแบบโต้ตอบและน่ารักให้คุณได้สัมผัสกับความสนุกของการเลียแมวตัวจริง! สัมผัสด้านหลังของฉันและฉันจะกะพริบ การสัมผัสคางหรือหลังของฉันฉันจะเขย่าหางและเรื่องเล็กน้อยสัมผัสคางของฉันหรือหลังฉันจะเขย่าหางและเรื่องย่อ การบรรจุ: กล่องสี ของเล่นตุ๊กตาวัสดุ: Plush การฝึกความสามารถ: การประสานมือและตา, การสื่อสารระหว่างพ่อแม่และลูก, การฝึกความสนใจ ไม่ว่าจะเป็นรีโมทคอนโทรล: ไม่ ขนาด: 25 * 15 * 17 ซม น้ำหนัก:≈910g ขนาดการวัดด้วยตนเองเนื่องจากการวัดด้วยตนเองที่แตกต่างกันข้อผิดพลาด 1-3 ซม. โปรดให้ข้อผิดพลาด 1-3 ซม. เนื่องจากการวัดด้วยตนเองที่แตกต่างกัน หมายเหตุ: โปรดทราบว่าเนื่องจากเอฟเฟกต์แสงการตั้งค่าความสว่าง / ความคมชัดของจอแสดงผล ฯลฯ สีของภาพถ่ายเว็บไซต์และรายการจริงอาจแตกต่างกันเล็กน้อย ช้อป แมวพูดได้ไฟฟ้า เครื่องกระตุ้นความสนุก ของเล่นตุ๊กตาสำหรับเด็ก ของขวัญ 🐱",https://down-th.img.susercontent.com/file/sg-11134201-824jl-mf3ieiuvt2bvae.webp,https://s.shopee.co.th/2VkT3871K3,https://s.shopee.co.th/2VkT3871K3,https://s.shopee.co.th/2VkT3871K3
LINE Pay QR BOX เครื่องแจ้งเตือนยอดเงินทันที เมื่อมีการรับเงินผ่าน คิวอาร์โค้ด,"จบปัญหาสลิปปลอม! บอกยอดทันทีเมื่อมีเงินเข้าด้วยเสียงแจ้งเตือน รับเงินง่าย ส่งเสียงแจ้งเตือนทุกยอดรับชำระ ไม่ต้องคอยถ่ายสลิปลูกค้า ลูกค้าสแกนจ่ายง่าย รับครบทั้ง LINE Pay และ PromptPay เช็กยอดง่าย มีหน้าจอแสดงยอดเงิน ใช้งานง่าย เปิดเครื่องแล้วพร้อมใช้งานทันที จัดวางง่าย เข้ากับร้านทุกสไตล์ ด้วยดีไซน์ที่ลงตัว รับโปรฯ คุ้ม 3 ต่อ! คุ้มที่ 1 : ค่าเครื่องพร้อมซิมการ์ด ราคาพิเศษ 490.- จากราคาปกติ 990.- คุ้มที่ 2 : ฟรี! ค่าบริการรายเดือน 3 เดือนแรก มูลค่า 177.- คุ้มที่ 3 : ตั้งแต่เดือนที่ 4 เป็นต้นไป ค่าบริการรายเดือน เพียง 59.- พิเศษ! ฟรีค่าบริการรายเดือน เมื่อมียอดรับชำระผ่าน LINE Pay เกิน 7,500.- รายละเอียดสินค้า ขนาดสินค้า : 17 * 8.5 เซนติเมตร มีซิมการ์ดในตัว ไม่ต้องเชื่อมต่อ Wifi มีแบตเตอรี่ในตัว ไม่ต้องเสียบชาร์จตอนใช้งาน ขั้นตอนการลงทะเบียนเริ่มต้นใช้งานหลังได้รับเครื่อง **[สำคัญ] ร้านค้าจะยังไม่สามารถลอกสติกเกอร์ และใช้งานเครื่อง LINE Pay QR BOX ในการรับเงินได้ จนกว่าจะทำการยืนยันตัวตนสำเร็จ 1. หลังจากได้รับเครื่อง กรุณาสแกน QR Code ที่สติกเกอร์หน้าเครื่อง เพื่อลงทะเบียนใช้งาน 2. กรอกรายละเอียดข้อมูลร้านค้า พร้อมแนบรูปหลังเครื่องที่เห็นรายละเอียด Serial Number (S/N) อย่างชัดเจน และส่งเอกสารให้ครบถ้วน 3. รอรับ SMS ยืนยันผลการลงทะเบียนสำเร็จ ภายใน 3 - 7 วันทำการ **หากได้รับ SMS ยืนยันผลการลงทะเบียนสำเร็จแล้ว สามารถลอกสติกเกอร์หน้าเครื่องและเปิดใช้งานได้ทันที เอกสารที่ต้องใช้ในการลงทะเบียนเริ่มต้นใช้งาน เงื่อนไขอื่น ๆ ค่าธรรมเนียมรับชำระผ่านเครื่อง LINE Pay QR Box - PromptPay 0% - LINE Pay 1.5% สัญญาการใช้งานขั้นต่ำ 12 เดือนนับตั้งแต่มีการจัดส่งสินค้า ช้อป LINE Pay QR BOX เครื่องแจ้งเตือนยอดเงินทันที เมื่อมีการรับเงินผ่าน คิวอาร์โค้ด",https://down-th.img.susercontent.com/file/th-11134207-7ra0i-mdk5szk0xq4e45@resize_w3840_nl.webp,https://s.shopee.co.th/2VkT3871K3,https://s.shopee.co.th/2VkT3871K3,https://s.shopee.co.th/2VkT3871K3
Xiaomi Mi Smart Camera C201/C300/C301/C400/C500/C701 Home Security Camera กล้องวงจรปิดไร้สาย2K กล้องวงจรปิด พาโนรามา360°,Xiaomi Smart Camera C300 - มาพร้อมมอเตอร์ PTZ แกนคู่ ที่ให้มุมภาพแนวนอน 360 องศา และมุมภาพแนวตั้ง 108 องศา - ได้รับการรับรอง BSI Kitemark* - ขนาดสินค้า 115*78*78mm - ความละเอียด 2304*1296 - น้ำหนักสินค้า 327กรัม - รองรับการเชื่อมต่อ Wifi : 802.11 b/g/n (2.4GHz) - แอพรองรับ Android 4.4 และ iOS 9.0 ขึ้นไป - บันทึกวีดีโอ ผ่าน Micro SD สูงสุด256GB - กำลังไฟ : 5V/1A - บันทึกไฟล์วิดีโอแบบด้วยเทคนิดเข้ารหัส H.265 เทียบกับ H.264ประหยัดพื้นที่การเก็บมากขึ้น 50% - กล้อง 3 ล้านพิกเซล F1.4 ภาพชัดสบายใจยิ่งขึ้น - มีเซ็นเซอร์ตรวจจับความเคลื่อนไหวโดยใช้เทคโนโลยี AI เพื่อช่วยเพิ่มประสิทธิภาพในการเตือนให้ดีขึ้น - มี Night Vision และไฟเพิ่มแสงสีแดง 940nm กลางคืนภาพไม่แดง เมื่อคู่กับเซ็นเซอร์จับภาพที่มีความไวสูง ถึงแสงไม่เยอะ ก็สามารถถ่ายออกมาเป็นภาพสีได้ - เชื่อมต่อกับ APP ：MI HOME - ตัวกล้องสามารถติดตั้งแบบกลับหัวได้ - สี : ขาว - ไม่มี Adapter กล้อง C500 Pro | คู่มือการใช้งาน | สายไฟ | ขาตั้งติดผนัง กล้อง C300 | คู่มือการใช้งาน | สายไฟ | ขาตั้งติดผนัง กล้อง C400 | คู่มือการใช้งาน | สายไฟ | ขาตั้งติดผนัง กล้อง C200 | คู่มือการใช้งาน | สายไฟ | ขาตั้งติดผนัง -️ เงื่อนไขการรับประกัน 1.สินค้าของแท้ 100% รับประกันศูนย์ไทย1ปี เงื่อนไขการรับประกันบางกรณีอาจมีค่าใช้จ่ายเพิ่มเติมค่ะ 2.กรณีสั่งสินค้าผิดรุ่น ผิดสี ทางร้านขอสงวนสิทธิ์ไม่รับเปลี่ยนหรือคืนสินค้า รบกวนตรวจสอบให้ถี่ถ้วนก่อนกดสั่งนะคะ 3..กรณีเครื่องมี รอยตำหนิ / หน้าจอแตก / ตัวเครื่องมีรอยบุบ / แตก ต้องแจ้งภายใน 24 ชม. ** พร้อมภาพถ่าย วิดีโอตอนแกะกล่องสินค้า ** หากไม่มีหลักฐาน ข้อมูลตามที่ทางร้านแจ้งไปข้างต้น ทางร้านขอสงวนสิทธิ์ในการ เคลมสินค้า/เปลี่ยนสินค้าใหม่ ทุกกรณีค่ะ ！！ 4.กรณีใส่ที่อยู่ผิด ทางร้านไม่สามารถแก้ไขให้ได้ ลูกค้าต้องยกเลิกแล้วสั่งสินค้าเข้ามาใหม่ 5.ผู้ซื้อต้องเก็บกล่องบรรจุภัณฑ์เพื่อใช้ในการยืนยันในการซื้อสินค้ากับทางร้าน กรณีที่อยู่ในการรับประกัน หากไม่มีกล่อง หรือ เอกสารของทางร้าน ทางร้านขอสงวนสิทธิ์ ถือเป็นที่สิ้นสุดการรับประกันสินค้า **การประกันสินค้านี้ไม่รวมถึงอุปกรณ์ต่อพ่วง หรือของแถมอื่น ๆ ที่มีมาในกล่อง เช่น สายชาร์จที่แถมมาในกล่องปลั๊กรุ่นต่าง ๆ 6.การรับประกันสินค้าไม่ครอบคลุมถึงสินค้าที่เป็นของแถม ในช่วงระยะเวลารับประกันคุณต้องจ่ายค่าขนส่งด้วยตัวเอง 7.สภาพสินค้าที่เกิดความเสียหายจากผู้ใช้ เช่น แตก ชำรุดบุบ ไหม้ มีคราบน้ำ คราบสนิม เป็นต้นถือว่าสิ้นสุดการรับประกัน 8.ไม่รับเปลี่ยนหรือคืนสินค้าที่เกิดจากการใช้งานที่ผิดวิธี หรือการสั่งซื้อที่เกิดความผิดพลาดของลูกค้า ไม่ว่ากรณีใด ถ้าอุปกรณ์เสริมเมนบอร์ดเสียหายจากการใช้งานของลูกค้าเองหรือหากอยู่ในระยะเวลารับประกัน แต่ต้องเปลี่ยนอุปกรณ์เสริมเมนบอร์ด ลูกค้าจะต้องจ่ายค่าซ่อมอุปกรณ์และค่าขนส่งเอง 9.กรณีสินค้ามีปัญหาด้านการจัดส่งหรือสูญหาย รบกวนแจ้งกลับเพื่อตรวจสอบภายใน 15 วันหลังมีการส่งออก ทางร้านไม่สามารถ ตรวจสอบหาเกินเวลาที่กำหนด และขอสงวนสิทธิ์ในการชดเชยทุกกรณี 10. สอบถามเพิ่มเติม / บริการหลังการขาย ลูกค้าสามารถทักแชทร้านได้ ช้อป Xiaomi Mi Smart Camera C201/C300/C301/C400/C500/C701 Home Security Camera กล้องวงจรปิดไร้สาย2K กล้องวงจรปิด พาโนรามา360°,https://down-th.img.susercontent.com/file/th-11134207-81ztn-meqivmbocb9dbe@resize_w3840_nl.webp,https://s.shopee.co.th/2VkT3871K3,https://s.shopee.co.th/2VkT3871K3,https://s.shopee.co.th/2VkT3871K3
NEW🎀 Rosy Bow คอลหวานละมุน ลายโบว์สุดคิ้วท์ จานชามเซรามิกฟีลเจ้าหญิง 💝✨ | Lassie Decor,"NEW🎀 Rosy Bow คอลหวานละมุน ลายโบว์สุดคิ้วท์ จานชามเซรามิกฟีลเจ้าหญิง 💝✨ | Lassie Decor ᴍᴀᴋᴇ ᴀ ᴄᴀꜰᴇ ᴀᴛ ʜᴏᴍᴇ Rosy Bowถ้วย-ขาว 4.5&quot;[GM323] Rosy Bowถ้วย-ชมพู 4.5&quot;[GM324] Rosy Bowชามมีหู-ขาว 6.5&quot;[GM325] Rosy Bowชามมีหู-ชมพู 6.5&quot;[GM326] Rosy Bowจานก้นลึก-ขาว 8.5&quot;[GM327] Rosy Bowจานก้นลึก-ชมพู 8.5&quot;[GM328] Rosy Bowชามมีด้ามจับ-ขาว 6&quot;[GM329] Rosy Bowชามมีด้ามจับ-ชมพู 6&quot;[GM330] Rosy Bowชามมีหู-ขาว 8&quot;[GM331] Rosy Bowชามมีหู-ชมพู 8&quot;[GM332] Rosy Bowหม้อมีฝา-ขาว 8&quot;[GM333] Rosy Bowหม้อมีฝา-ชมพู 8&quot;[GM334] Rosy Bowแก้ว 400 ml.[GM335] คุณสมบัติ ️ ผลิตจากเซรามิกเกรดพรีเมี่ยม ผ่านกรรมวิธีผลิตด้วยอุณหภูมิ 1300℃ ️ วัสดุผลิตปลอดภัย ไร้สารตะกั่ว,แคดเมียม ️ สีสันสดใสยาวนาน แม้โดนความร้อนสีก็ไม่ซีด เพราะเพ้นท์ลายและเคลือบป้องกันอย่างดี ️ เช็ดล้าง ทำความสะอาดง่าย การใช้งาน - สามารถนำเข้า เตาอบ ไมโครเวฟได้ - สามารถนำเข้าเตาอบไฟฟ้าได้ - สามารถนำเข้าเครื่องล้างจานได้ - สามารถนำเข้าตู้อบฆ่าเชื้อโรคได้ -ไม่สามารถตั้งเตาได้ทุกชนิดนะคะ ช้อป NEW🎀 Rosy Bow คอลหวานละมุน ลายโบว์สุดคิ้วท์ จานชามเซรามิกฟีลเจ้าหญิง 💝✨ | Lassie Decor",https://down-th.img.susercontent.com/file/th-11134207-7ras8-madlwa36m1mnd7.webp,https://s.shopee.co.th/2VkT3871K3,https://s.shopee.co.th/2VkT3871K3,https://s.shopee.co.th/2VkT3871K3
【ส่งทุกวัน】XPE แผ่นรองคลานพับได้ หนา1/1.5/2cm กันน้ำ เบาะรองคลาน แผ่นรองคลานแบบพับ ลายหน้า-หลังไม่ซ้ำกัน พกพาเก็บง่าย,📢 ยินดีต้อนรับสู่ร้านค้า hope เราจัดส่งจากกรุงเทพฯ ทุกวัน ประมาณ 1-3 วันในการจัดส่ง สินค้ามีถุงหิ้วให้ ไม่ต้องสั่งซื้อแยก ✔️รายละเอียดของสินค้า ▶ มีลายหน้า-หลัง (ทั้งสองด้านลายต่างกัน เลือกลายได้ตามตัวเลือกสินค้านะคะ) ▶ พกพาไปไหน มาไหนสะดวก ขนาด 6*6.5 ฟุต —(180*200 ซม.) ความหนาประมาณ 1/1.5/2 ซม. ▶ เป็นงานพรีเมี่ยม XPE ไม่ใช่งานทั่วไป food grade PE 100% BPA FREE ไม่มีสารก่อมะเร็งใดๆ อมเลียได้ ▶สินค้าผลิตจากประเทศเกาหลี ได้รับรองมาตรฐานยุโรป TSN-09 การรับรองเกรดอาหาร ไร้สารพิษ ปลอดภัยต่อเด็ก ▶เคลือบผิวด้วย PP เทคโนโลยีพิเศษ ไม่ลอก ไม่ล่อน คมชัด สวยงาม ✔️คุณสมบัติ ●รองรับแรงกระแทกได้ดี ●ใช้งานสะดวก สามารถจัดเก็บพับ ประหยัดพื้นที่ ●มาพร้อมถุงพลาสติกปิคนิคอย่างดีสำหรับพกพา ●ใช้สำหรับวางในคอกเด็ก ●พื้นผิวสัมผัสเบาะนุ่ม เด็กคลานไม่เจ็บข้อมือ ข้อเข่า ●ป้องกันการลื่นไถลสองด้าน เย็บเก็บอบเรียบร้อย ช่วยให้เด็กฝึกคลานได้ง่ายขึ้น ●เทคโนโลยี กันน้ำกันฉี่ แบบพิเศษ เช็ดทำความสะอาดง่าย สามารถเช็ด ล้าง ทำความสะอาดได้ ●วัสดุจัดทำขึ้นมาแบบพิเศษ หนา-ทนทาน ทนทานต่อรอยขีดข่วน รองรับ นอน สบาย กันกระแทก ------------------------------------------------------------------------- 📣ประกันสินค้า ดูแลนานถึง 24 เดือน📣 💕เคลมง่ายง่ายได้ที่บ้าน’ รับประคุณภาพของสินค้า มีปัญหาส่งเปลี่ยนถึงที่ไม่มีค่าใช้จ่าย 🚛💕 💕หากคุณมีคำถามใด ๆ คุณสามารถติดต่อฝ่ายบริการลูกค้าของเราได้ตลอดเวลา ขอให้ซื้อด้วยความมั่นใจ💕 ช้อป 【ส่งทุกวัน】XPE แผ่นรองคลานพับได้ หนา1/1.5/2cm กันน้ำ เบาะรองคลาน แผ่นรองคลานแบบพับ ลายหน้า-หลังไม่ซ้ำกัน พกพาเก็บง่าย,https://down-th.img.susercontent.com/file/th-11134207-7ra0n-mbf7bzfly3yz5a.webp,https://s.shopee.co.th/2VkT3871K3,https://s.shopee.co.th/2VkT3871K3,https://s.shopee.co.th/2VkT3871K3
Moshi Moshi กระเป่าพร้อมผ้าห่ม ลาย Mymelody ลิขสิทธิ์แท้จากค่าย Sanrio รุ่น 6100005410,รหัสสินค้า 6100005410 ลาย Mymelody ประเภท หมอนผ้าห่ม วัสดุ ผ้านาโน ขนาดกระเป๋า 36 x 41 ซม. (สายยาว 13 ซม.) ขนาดผ้าห่ม 110 x 195 ซม. Moshi Moshi กระเป่าพร้อมผ้าห่ม ลาย Mymelody ลิขสิทธิ์แท้จากค่าย Sanrio - กระเป๋าพร้อมผ้าห่มในตัว สามารถแยกออกจากกันได้ สะดวกต่อการใช้งาน - ตัวกระเป๋ามีซิปเปิด-ปิด สำหรับเก็บผ้าห่ม - กระเป๋ามาพร้อมสายช่วยให้พกพาไปไหนก็สะดวกยิ่งขึ้น - ผ้าห่มคุณภาพดี เนื้อผ้ามีความละเอียดเนียนนุ่ม ยืดหยุ่นต่อการใช้งาน - เหมาะสำหรับพกไว้ที่ทำงาน บนรถ หรือเวลาเดินทางไปต่างจังหวัดด้วยยานพาหนะต่างๆ ช้อป Moshi Moshi กระเป่าพร้อมผ้าห่ม ลาย Mymelody ลิขสิทธิ์แท้จากค่าย Sanrio รุ่น 6100005410,https://down-th.img.susercontent.com/file/th-11134207-81zti-mgymjyniqscs24@resize_w3840_nl.webp,https://s.shopee.co.th/2VkT3871K3,https://s.shopee.co.th/2VkT3871K3,https://s.shopee.co.th/2VkT3871K3
Christmas tree🎄ต้นคริสต์มาส ตั้งโต๊ะ + ของตกแต่งคริสมาสต์ ต้นคริสต์มาสพร้อมไฟ ต้นคริสมาสต์ขนาดเล็ก ของตกแต่งคริสมาสต์,✨ ยินดีต้อนรับสู่ร้านค้าของฉัน ✨ ✨ ยินดีที่ได้รู้จัก~ ✨ 🌹เราจัดส่งจากกรุงเทพฯ 🌹 ผลิตภัณฑ์ทั้งหมดในร้านของเรามีคุณภาพสูงและราคาต่ํายินดีต้อนรับการสั่งซื้อ 📦 โปรดตรวจสอบสีขนาดขนาดชื่อที่อยู่และหมายเลขโทรศัพท์หลังจากทําการสั่งซื้อเราจะไม่สามารถแก้ปัญหาให้คุณได้ 🙏🏻 🎁100%แบรนด์ใหม่และมีคุณภาพสูง ชื่อผลิตภัณฑ์: ชุดต้นคริสต์มาสขนาดเล็กบนโต๊ะเทศกาลที่อบอุ่น รายละเอียดสินค้า: 【ขนาดสินค้า】 ความสูงรวม: 45cm 【วัสดุและองค์ประกอบ】 ฐาน: ผลิตจากไม้คุณภาพสูง แข็งแรงทนทาน พื้นผิวเรียบ ปราศจากเสี้ยน ลายไม้ธรรมชาติ ให้เนื้อสัมผัสอบอุ่น ต้นคริสต์มาส: วัสดุพีวีซีที่เป็นมิตรกับสิ่งแวดล้อมการจําลองระดับสูงไม่ต้องกังวลกับเข็มตก ไฟสตริงประหยัดพลังงาน LED ในตัวให้แสงสว่างอย่างต่อเนื่องและสร้างบรรยากาศที่อบอุ่นและรื่นเริง การตกแต่ง: รวมถึงลูกบอลโฟมหลากสีสันจี้ผ้าแฮนด์เมดดาว ฯลฯ วัสดุมีความปลอดภัยสีสันสดใสและแขวนง่าย 【คุณสมบัติของผลิตภัณฑ์】 ไฟ LED ประหยัดพลังงาน: ไฟ LED สตริงในตัวในต้นคริสต์มาสประหยัดพลังงานและเป็นมิตรกับสิ่งแวดล้อม และปลอดภัยและไร้กังวลเมื่อติดสว่างเป็นเวลานาน ประกอบง่าย: ไม่ต้องใช้เครื่องมือเพิ่มเติม สะดวกและรวดเร็ว การตกแต่งที่หลากหลาย: ชุดเครื่องประดับที่หลากหลายช่วยให้คุณตกแต่งต้นคริสต์มาสได้ตามใจชอบและสร้างสไตล์เทศกาลที่ไม่เหมือนใคร การออกแบบบนโต๊ะ: ขนาดกะทัดรัดเหมาะสําหรับวางบนโต๊ะ ขอบหน้าต่าง หรือที่ใดก็ได้ที่คุณต้องการเพิ่มบรรยากาศรื่นเริง วัสดุที่เป็นมิตรกับสิ่งแวดล้อม: วัสดุทั้งหมดเป็นไปตามมาตรฐานการคุ้มครองสิ่งแวดล้อมปลอดสารพิษและรสจืดและปกป้องสุขภาพของครอบครัวของคุณ 【รายการบรรจุภัณฑ์】 ฐานไม้ x1 ต้นคริสต์มาสเรืองแสง x1 ชุดตกแต่ง x1 【เคล็ดลับ】 ผลิตภัณฑ์นี้เหมาะสําหรับเป็นของตกแต่งวันหยุดเพื่อเพิ่มบรรยากาศรื่นเริงให้กับบ้าน ที่ทํางาน หรือที่สาธารณะของคุณ โปรดปล่อยให้เด็กใช้ภายใต้การดูแลของผู้ใหญ่เพื่อหลีกเลี่ยงการกลืนเครื่องประดับขนาดเล็ก เอฟเฟกต์แสงของผลิตภัณฑ์อาจแตกต่างกันไปในสภาพแวดล้อมที่แตกต่างกัน โปรดดูผลิตภัณฑ์จริง ซื้อชุดต้นคริสต์มาสขนาดเล็กบนโต๊ะเทศกาลที่อบอุ่นหัวใจตอนนี้เพื่อนําบรรยากาศเทศกาลที่แข็งแกร่งและความเพลิดเพลินทางสายตาที่อบอุ่นมาสู่พื้นที่ใช้สอยของคุณ! 🛒วิธีชำระเงิน การชำระเงินออนไลน์ และ การเก็บเงินปลายทางCOD ทางร้านไม่รับแก้ไขหรือเปลี่ยนที่อยู่ใดๆทั้งสิ้นนะคะ 💐กรณีใส่ที่อยู่ผิดให้กด &gt;&gt;ยกเลิก&lt;&lt; แล้วสั่งซื้อใหม่ค่ะ 💐สั่งซื้อสินค้าแล้วได้รับสินค้ามีปัญหา ผิด ชำรุด แจ้งร้านค้าได้เลยค่ะ ไม่ต้องจำใจรับสินค้าแล้วให้คะแนนไม่ดีนะคะ ร้านยินดีรับผิดชอบ 💐อย่าเพิ่งใจร้อนรีบหักดาวทางร้านนะคะ 💗 💐ขนาด(หมายเหตุ: ขนาดการวัดอาจจะมีการคาดเคลื่อนไปจากข้อมูลที่แจ้งไป 1-2 ซ.ม)) 💕 ขอบคุณสําหรับความไว้วางใจและการสนับสนุนของคุณ 💕 เรารู้สึกเป็นเกียรติที่ได้มอบผลิตภัณฑ์และบริการที่มีคุณภาพให้กับคุณ 💕 หากคุณมีคําถามใด ๆ คุณสามารถติดต่อเรา ช้อป Christmas tree🎄ต้นคริสต์มาส ตั้งโต๊ะ + ของตกแต่งคริสมาสต์ ต้นคริสต์มาสพร้อมไฟ ต้นคริสมาสต์ขนาดเล็ก ของตกแต่งคริสมาสต์,https://down-th.img.susercontent.com/file/sg-11134201-7rdvv-m0jzb2zhjoxq0b.webp,https://s.shopee.co.th/2VkT3871K3,https://s.shopee.co.th/2VkT3871K3,https://s.shopee.co.th/2VkT3871K3
"DRIVEPRO⚡ 🚚กล้องติดรถยนต์ 2กล้องหน้า+หลัง หน้าจอLCD 4.3""นิ้ว มุมกว้าง170° ​หน้าจอขวาไม่บังตา Full HD 1080P เส้นถอยหล",มีกล้อง2ตัว ด้านหน้า 1ตัว ด้านหลัง 1ตัว (ภาพกล้องหน้า-หลัง ไม่พลาดทุกการถอย) ความคมชัดสูงสุดระดับ 1080P เลนส์ wide กว้างถึง 170องศา เก็บภาพและรายละเอียดได้ครบถ้วน หน้าจอกว้างสุดถึง 4.3นิ้ว มองเห็นได้ชัดเจน กล้องหลังสามารถปรับระดับบน-ล่างได้ มีระบบ Sensor การกระแทกเมื่อมีวัตถุมาชน จะบันทึกภาพเก็บไว้อัตโนมัติ สามารถแสดงภาพ ความละเอียดของกล้องคมชัดระดับ Full HD 1080P มีทั้งกล้องหน้า-กล้องหลัง กล้องด้านหน้ามุมกว้าง ชัดเจนพิเศษ กล้องหลังมีเตือนระยะ HD ใช้งานง่าย ใหญ่เต็มตา หากคุณพบความเสียหายต่อผลิตภัณฑ์ของคุณ โปรดติดต่อฝ่ายบริการลูกค้าให้ทันเวลา เราจะช่วยคุณอย่างจริงใจบริการหลังการขาย. ช้อป DRIVEPRO⚡ 🚚กล้องติดรถยนต์ 2กล้องหน้า+หลัง หน้าจอLCD 4.3&quot;นิ้ว มุมกว้าง170° ​หน้าจอขวาไม่บังตา Full HD 1080P เส้นถอยหล,https://down-th.img.susercontent.com/file/sg-11134201-8225v-mhbtxy4svjez21@resize_w3840_nl.webp,https://s.shopee.co.th/2VkT3871K3,https://s.shopee.co.th/2VkT3871K3,https://s.shopee.co.th/2VkT3871K3
[ของแท้] Fun Nest Doll Fun Nest กอด Meow จำลองตุ๊กตาแมวไฟฟ้าพูดคุยตุ๊กตาตลก Replica สนุก ขาย Meng ของเล่นเด็ก Fun Nest กอด Dog Jixiang,"รังสนุก, การฝึกความสามารถ: อารมณ์, การพัฒนาทางปัญญา, ประสาทสัมผัส, การฝึกความสามารถอื่น ๆ, ของเล่นแบบโต้ตอบ, การได้ยิน, การฝึกความสามารถ: อารมณ์, การพัฒนาทางสติปัญญา, การฝึกความสามารถอื่น ๆ, ของเล่นแบบโต้ตอบ, การได้ยิน, การได้ยิน สี: [Hug Meow] เรียนรู้การกรนลิ้นกะพริบกระพริบตาหาง, [Hug Dog] เรียนรู้ลิ้นกระพริบตากระพริบหางกรน, [บั้นท้ายไฟฟ้าบินสุนัข] ร้องเพลงและเต้นรำก้นกระพริบเล่นราคาถูก, [Wish Bear] เรียนรู้ลิ้น เทียนร้องเพลงและเป่าลม [Black Small Five] เรียนรู้ลิ้นตากะพริบให้อาหารและขายน่ารัก [Brown Small Seven] เรียนรู้ลิ้นกระพริบขายสินค้าใหม่น่ารัก [Shoo Shoo Wang] เรียนรู้ลิ้นเดินเต้นร้องเพลงและบิดเบือน ขาเขย่าแมว] เรียนรู้การร้องเพลงและการเต้นรำ [ตัวสร้างไขมัน] กระพริบให้อาหารขายน่ารัก, [ช้างนำโชคน้อยสีเทา] ร้องเพลงพีคาบู, ไม่ว่าจะเป็นการค้าต่างประเทศโดยเฉพาะ: ไม่ คนที่มีผลบังคับใช้ไม่ จำกัด: ไม่ จำกัด, ข้อมูลจำเพาะ: รุ่นแบตเตอรี่, รุ่นแบตเตอรี่แบบชาร์จไฟได้, การบรรจุ: กล่องสี, อายุ: 4-6 ปี), วัสดุของเล่น: ตุ๊กตา, ไม่ว่าจะเป็นรีโมทคอนโทรล: ไม่, วิดีโอแนะนำการช็อปปิ้ง: ใช่ วิธีการควบคุมระยะไกล: การควบคุมด้วยเสียง, ไม่ว่าจะเป็นการนำเข้า: ในประเทศ 💖💖💖เพื่อนรักของลูกค้าฉันต้องการแสดงความจริงใจและความขอบคุณที่ลึกซึ้งที่สุดกับคุณกับเจ้าตัวน้อยตัวนี้💖💖💖 💖💖💖ทุกครั้งที่เยี่ยมชมจะเหมือนกับแสงแดดครั้งแรกในยามเช้าอบอุ่นและสดใสทำให้เราเต็มไปด้วยพลังและแรงจูงใจ💖💖💖 💖💖💖สิ่งที่คุณต้องการคือความไว้วางใจเมื่อคุณเลือกสินค้าก่อนวางจำหน่ายและการซื้อครั้งสุดท้ายของคุณคือการรับรู้และการสนับสนุนที่ยิ่งใหญ่ที่สุดสำหรับร้านของเรา💖💖💖 🔰รับประกันคุณภาพและพยายามอย่างดีที่สุดเพื่อให้ลูกค้าได้รับราคาต่ำสุดดังนั้นผลิตภัณฑ์ของเราที่มีวัสดุและรูปแบบเดียวกันจึงมีราคาที่ต่ำกว่าและผลิตภัณฑ์ในราคาเดียวกัน ของเรามีคุณภาพสูงขึ้น‚╭❤～ 🔰เราจะปฏิบัติต่อลูกค้าทุกคนที่มาพร้อมกับหัวใจและต้องการให้ลูกค้าซื้อผลิตภัณฑ์ที่สอดคล้องกับหัวใจของพวกเขามากขึ้น เราจะหวงแหนลูกค้าทุกคนและพยายามอย่างดีที่สุดเพื่อให้ลูกค้าทุกคนพึงพอใจ!. เรือดำน้ำ: จ. (◍°∇°◍โอ๊ย, โคตรๆ เลย)) ÷ 🔰ฉันหวังว่าคุณจะเห็นผลิตภัณฑ์ของฉันและความจริงใจของเรารักคุณ❥(^_-) ✅โลจิสติกส์เกี่ยวกับโลจิสติกส์✅ ผลิตภัณฑ์ทั้งหมดในร้านจัดส่งจากแผ่นดินใหญ่โอ้โดยปกติ 5-10 วันหลังจากการจัดส่งสามารถมาถึงร้านโปรดอดใจรอ ~ เมื่อพัสดุมาถึงโปรดเลือกให้ทันเวลาโอ้ ~ เวลาผ่านไปหรือการปฏิเสธจะทำให้เราสูญเสียสินค้า ~ ✅เกี่ยวกับบริการ✅ สินค้าหลังการขาย / บริการคืนสินค้า: หากสินค้าอยู่ในน้ำการถอดแท็กเสียหายใช้เสื้อผ้าที่ใกล้ชิดไม่สามารถเปลี่ยนได้โปรดเก็บสินค้าให้เหมือนใหม่และผู้ซื้อต้องแบกรับค่าจัดส่งไป - กลับสำหรับ การเปลี่ยน ~ ธุรกิจขนาดเล็กชุยชุยโปรดทำความเข้าใจ ~ ✅เกี่ยวกับหลังการขาย✅ กรุณาตรวจสอบว่าผลิตภัณฑ์สมบูรณ์หรือไม่ ข้อสงสัยใด ๆ โปรดติดต่อฝ่ายบริการลูกค้าเพื่อจัดการกับมันให้ทันเวลา โปรดอย่ารีบเร่งที่จะให้บทวิจารณ์เชิงลบ เราจะพยายามอย่างดีที่สุดเพื่อแก้ปัญหาให้คุณ กรุณาให้เรารู้สึกพึงพอใจกับผลิตภัณฑ์โปรดให้เรา⭐⭐⭐⭐⭐การประเมินผลโอ้ขอบคุณมาก ~ ✅กรุณาติดต่อเสี่ยวเยอร์และให้บริการคุณตลอดกระบวนการ ช้อป [ของแท้] Fun Nest Doll Fun Nest กอด Meow จำลองตุ๊กตาแมวไฟฟ้าพูดคุยตุ๊กตาตลก Replica สนุก ขาย Meng ของเล่นเด็ก Fun Nest กอด Dog Jixiang",https://down-th.img.susercontent.com/file/sg-11134201-7rd5t-m7kkqvrvjeek99.webp,https://s.shopee.co.th/2VkT3871K3,https://s.shopee.co.th/2VkT3871K3,https://s.shopee.co.th/2VkT3871K3
โต๊ะแคมป์ปิ้ง เก้าอี้แคมป์ปิ้ง อุปกรณ์แคมป์ปิ้ง รับน้ำหนักได้ถึง 300กก 90/120/150CM,🌼🌼ยินดีต้อนรับเข้าสู่ร้าน PIKA GO🌼🌼 👉ติดตามร้าน รับข่าวสารโปรโมชั่นล่าสุด ***ทางร้านยินดีให้คำปรึกษาและแนะนำสินค้าของทางร้าน ตลอด 24 ชั่วโมงค่ะ *** ⚡️กรุงเทพฯหรืออยู่ใกล้กับกรุงเทพฯ ส่งถึงภายใน 1-2 วััน ผลิตภัณฑ์ของเรามีในสต็อก คลังสินค้าของเราอยู่ในกรุงเทพ ⚡️ต่างจังหวัด ส่งถึงภายใน 2-4 วัน 🛒วิธีชำระเงิน การชำระเงินออนไลน์ และ การเก็บเงินปลายทางCOD ⛔️กรุณาอ่านรายละเอียดให้ครบก่อนสั่งนะคะ⛔️ พารามิเตอร์สินค้า: - ประเภท: โต๊ะพับกลางแจ้ง - วัสดุ : เหล็กกล้าคาร์บอน ขนาด​ 90​ ซม​ และ​ 120ซม. ขนาด​ 90​ แบบ​ 2​ ขา 90​×60×45 ซม.​ ขนาด​ 120​ แบบ​ 3​ ขา​ 120×60×45 ซม. ช้อป โต๊ะแคมป์ปิ้ง เก้าอี้แคมป์ปิ้ง อุปกรณ์แคมป์ปิ้ง รับน้ำหนักได้ถึง 300กก 90/120/150CM,https://down-th.img.susercontent.com/file/th-11134207-7rasd-m4ia9afsjjbea4.webp,https://s.shopee.co.th/2VkT3871K3,https://s.shopee.co.th/2VkT3871K3,https://s.shopee.co.th/2VkT3871K3
NEW🥤🐻 แก้วเซรามิก Sweet Buddy แก้วคาเฟ่น่ารัก ฝา 3D พร้อมหลอดแก้ว ลายน้องสัตว์ 🐱🐶 Lassie Decor,NEW🥤🐻 แก้วเซรามิก Sweet Buddy แก้วคาเฟ่น่ารัก ฝา 3D พร้อมหลอดแก้ว ลายน้องสัตว์ 🐱🐶 Lassie Decor ✅ คุณสมบัติสินค้า วัสดุ: เซรามิก ฝา: พลาสติกเกรดอาหาร (Food Grade) จุกตกแต่ง: น้องหมี / น้องหมา / น้องแมว แบบ 3D น่ารักมาก หลอด: หลอดแก้วใส แข็งแรง ใช้ซ้ำได้ เป็นมิตรต่อสิ่งแวดล้อม หูจับใหญ่ จับถนัดมือ ✅ สี/ลาย สีน้ำตาล – น้องหมี สีฟ้า – น้องหมา สีชมพู – น้องแมว ช้อป NEW🥤🐻 แก้วเซรามิก Sweet Buddy แก้วคาเฟ่น่ารัก ฝา 3D พร้อมหลอดแก้ว ลายน้องสัตว์ 🐱🐶 Lassie Decor,https://down-th.img.susercontent.com/file/th-11134207-81ztp-mglnnth27h1qf0@resize_w3840_nl.webp,https://s.shopee.co.th/2VkT3871K3,https://s.shopee.co.th/2VkT3871K3,https://s.shopee.co.th/2VkT3871K3
[ของแท้ รับประกันศูนย์ไทย]MOFii โคมไฟน่ารัก BF RABBIT กระต่ายน้อยจอมขี้เกียจ ปรับระดับแสงตั้งเวลาได้,"🚩 การจัดส่งสินค้า 🚩 - การจัดส่งแบบพัสดุ ตัดรอบ 12.00 น. ทุกวันยกเว้นวันอาทิตย์ -การจัดส่งด่วน ตัดรอบ 12.00 น. เรียกรถจัดส่งภายในวันที่สั่งซื้อ 🚩 Shipping Information 🚩 -Standard Shipping: Orders placed before 12:00 PM (noon) will be processed daily, except on Sundays. -Express Delivery: Orders placed before 12:00 PM (noon) will be dispatched on the same day via express courier. Technical Spec : • Soft silicone Housing •sleeping light with 30 minute timing • Ambient and soft light • 4000k CCT • Various working mode&quot; &quot;Input: 5V/1A Housing material: ABS/Silicone Battery capacity:1200 mAh Battert time : 6h Charging time : 2-3h MAX power: Up to 0.8W LED&#x27;s lifetime:up to 30 000 hours ช้อป [ของแท้ รับประกันศูนย์ไทย]MOFii โคมไฟน่ารัก BF RABBIT กระต่ายน้อยจอมขี้เกียจ ปรับระดับแสงตั้งเวลาได้",https://down-th.img.susercontent.com/file/th-11134207-7rasd-m1ji98xyqbqvd7.webp,https://s.shopee.co.th/2VkT3871K3,https://s.shopee.co.th/2VkT3871K3,https://s.shopee.co.th/2VkT3871K3